{
    "32": {
        "8": 8.076073373667896,
        "16": 7.868956197053195,
        "32": 6.367266979068518
    },
    "16": {
        "8": 7.772141913883388,
        "16": 6.383920940570533
    },
    "8": {
        "8": 6.612409031949937
    }
}