{
    "32": {
        "8": 3.3807663433253765,
        "16": 3.506520129740238,
        "32": 3.0435188487172127
    },
    "16": {
        "8": 3.3986456133425236,
        "16": 2.9900502949021757
    },
    "8": {
        "8": 3.060487743932754
    }
}