{
    "constant_0": 0.04379939820363925,
    "constant_1": 10.541748373333537
}