{
    "constant_0": 0.013163323433882157,
    "constant_1": 3532.9991408989263
}