{
    "constant_0": 0.04894488567004378,
    "constant_1": 10.61679297291162
}