{
    "constant_0": 0.01387394766295913,
    "constant_1": 88.11034628453267
}