{
    "constant_0": 1.9301175735842169,
    "constant_1": 200.0144822112485,
    "constant_2": 1.0
}