{
    "constant_0": 1.6685157115062255,
    "constant_1": 177.69399336993888,
    "constant_2": 1.0
}